{"cameraMode":{"drawMode":0,"name":"Shaded","section":"Shading Mode"},"sceneLighting":true,"audioPlay":false,"sceneViewState":{"showFog":true,"showMaterialUpdate":false,"showSkybox":true,"showFlares":true,"showImageEffects":true,"showParticleSystems":true},"in2DMode":false,"pivot":{"x":2.3480639457702638,"y":2.1829416751861574,"z":-3.502847194671631},"rotation":{"x":0.042230479419231418,"y":-0.05601656064391136,"z":0.0023720692843198778,"w":0.997536301612854},"size":12.424059867858887,"orthographic":false}